{
  "radius_drones_bs": 0.4,
  "base_stations": [
    [
      2.614765625480494,
      0.1592573917715667
    ],
    [
      0.7917532733664723,
      2.051083762771384
    ],
    [
      3.755419942871157,
      0.7146420579508751
    ],
    [
      4.116292846476336,
      1.5748321168193038
    ],
    [
      2.1947038262545244,
      0.4740123811003758
    ],
    [
      1.637461068185545,
      1.5587276138111683
    ],
    [
      1.973847896370739,
      1.625199717591124
    ],
    [
      3.031073439671434,
      0.5305565070043174
    ],
    [
      1.1162824344499245,
      1.167361077570758
    ],
    [
      3.988783574967521,
      1.485304031074346
    ],
    [
      0.0950628269296325,
      3.3532222982572524
    ],
    [
      1.1757527121074691,
      3.974062869366432
    ],
    [
      1.0987107258990234,
      2.689990683756597
    ],
    [
      1.9234027091580608,
      1.6450041917668092
    ],
    [
      2.397102287938402,
      2.695179247670876
    ],
    [
      1.804425569507819,
      0.3160015855559833
    ],
    [
      2.6537604291638424,
      1.8907842740329053
    ],
    [
      3.3877441258505896,
      3.686756528191791
    ]
  ],
  "power_stations": [
    [
      2.541899999999991,
      2.567831577590978
    ],
    [
      2.541899999999991,
      2.567831577590978
    ],
    [
      2.5641000000001366,
      2.6222329417345493
    ],
    [
      2.5641000000001366,
      2.676636114799848
    ],
    [
      2.5530000000001625,
      2.7092789729253948
    ],
    [
      2.797199999999988,
      3.655866185434289
    ],
    [
      2.7861000000000136,
      3.688509147249724
    ],
    [
      2.7750000000000394,
      3.7320326938428576
    ],
    [
      2.6196000000000077,
      3.775573561192173
    ],
    [
      2.5752000000001107,
      3.775578880832455
    ],
    [
      2.541899999999991,
      3.8408667241093353
    ],
    [
      2.8638000000000297,
      3.808185893251594
    ],
    [
      2.464199999999975,
      3.5688594661492177
    ],
    [
      2.4864000000001205,
      3.6341409208453737
    ],
    [
      2.4309000000000527,
      2.51343721872803
    ],
    [
      2.3976000000001303,
      2.491678490143248
    ],
    [
      2.3421000000000625,
      2.448160032660271
    ],
    [
      1.9092000000000853,
      2.0347209457553377
    ],
    [
      1.3764000000001442,
      1.4689410075236549
    ],
    [
      1.287600000000154,
      1.4145397669904751
    ],
    [
      1.209900000000138,
      1.381899945193911
    ],
    [
      1.1766000000000183,
      1.3601391769830145
    ],
    [
      0.9546000000001412,
      1.30574279715181
    ],
    [
      2.586300000000085,
      1.9802741045273928
    ],
    [
      2.686200000000049,
      1.697372422755857
    ],
    [
      2.5752000000001107,
      1.349198216781542
    ],
    [
      2.908200000000124,
      0.641950431595185
    ],
    [
      2.541899999999991,
      0.9683771627354726
    ],
    [
      2.497500000000094,
      2.61135782577075
    ],
    [
      2.9859000000001394,
      2.7636441943892227
    ],
    [
      3.04140000000001,
      2.7745197952019973
    ],
    [
      3.085800000000104,
      2.7853963389851164
    ],
    [
      3.1412999999999744,
      2.796271866571088
    ],
    [
      3.4077000000001423,
      2.8397695876525515
    ],
    [
      3.7074000000000353,
      2.8832635179212778
    ],
    [
      3.774000000000077,
      2.905017852017492
    ],
    [
      3.862800000000068,
      2.915889843793467
    ],
    [
      3.9294000000001095,
      2.9158836747470325
    ],
    [
      2.2088999999999785,
      2.9378044536814176
    ],
    [
      2.164500000000082,
      2.992212454365244
    ],
    [
      1.731600000000105,
      4.058583889912249
    ],
    [
      1.7427000000000792,
      4.189153478835487
    ],
    [
      2.3310000000000883,
      4.580781052082464
    ],
    [
      2.519700000000043,
      4.330498677202636
    ],
    [
      2.530800000000017,
      4.243451983032717
    ],
    [
      2.530800000000017,
      4.091122937488286
    ],
    [
      2.1978000000000044,
      2.611382656146528
    ],
    [
      1.6761000000000372,
      2.7202352766246904
    ],
    [
      1.3652999999999729,
      2.807310468909032
    ],
    [
      0.8436000000000057,
      2.850881801890236
    ],
    [
      0.7104000000001189,
      2.8508938344751305
    ],
    [
      0.6549000000000511,
      2.8508988476830868
    ],
    [
      0.6105000000001546,
      2.796496315000258
    ],
    [
      0.5550000000000868,
      2.7529759211460267
    ],
    [
      0.5217000000001644,
      2.7312161469563283
    ],
    [
      0.3440999999999867,
      2.611536107758201
    ],
    [
      0.0666000000000419,
      2.2524696896500704
    ],
    [
      0.0,
      1.9042658311056468
    ],
    [
      0.4328999999999769,
      1.4036967094895592
    ],
    [
      0.5105999999999931,
      1.3384051960454044
    ],
    [
      0.5550000000000868,
      1.2839966746850964
    ],
    [
      0.577200000000035,
      1.2513518113285813
    ],
    [
      0.5661000000000609,
      1.0881323925053903
    ],
    [
      0.4995000000000189,
      0.9684398726426596
    ],
    [
      0.4328999999999769,
      0.9575605460088548
    ],
    [
      0.3774000000001063,
      0.9902063963830954
    ],
    [
      0.3663000000001322,
      1.0554951013274003
    ],
    [
      0.6105000000001546,
      2.959715944280432
    ],
    [
      0.5439000000001126,
      3.0685355050088665
    ],
    [
      2.4309000000000527,
      2.1108520365072923
    ],
    [
      3.463200000000013,
      1.360040509028285
    ],
    [
      3.463200000000013,
      1.3165192127394665
    ],
    [
      3.463200000000013,
      1.2294766201618297
    ],
    [
      3.16350000000012,
      1.120684043828486
    ],
    [
      3.008100000000088,
      1.2947772731187954
    ],
    [
      2.752800000000091,
      1.642965987827423
    ],
    [
      2.5641000000001366,
      2.5460684994432863
    ],
    [
      2.586300000000085,
      2.5243054519245267
    ],
    [
      2.608500000000033,
      2.5025424350354952
    ],
    [
      2.6418000000001527,
      2.480778574919137
    ],
    [
      2.675100000000075,
      2.44813416444149
    ],
    [
      2.708399999999997,
      2.4154898228868182
    ],
    [
      2.7639000000000653,
      2.382843871379228
    ],
    [
      2.819400000000133,
      2.339317488226447
    ],
    [
      2.874900000000004,
      2.3175523128060784
    ],
    [
      2.963699999999994,
      2.2740237939414647
    ],
    [
      3.2745000000000584,
      2.176077853096596
    ],
    [
      3.7962000000000256,
      2.0890001283728443
    ],
    [
      4.062599999999996,
      2.078102332528655
    ],
    [
      4.695300000000099,
      2.458856984877223
    ],
    [
      4.706400000000073,
      2.665574109453201
    ],
    [
      4.650900000000005,
      2.7526181201397866
    ],
    [
      4.595400000000135,
      2.796142706869435
    ],
    [
      4.551000000000041,
      2.8396664451026163
    ],
    [
      4.484399999999999,
      2.8723123692097303
    ],
    [
      4.495499999999973,
      4.101747655982804
    ],
    [
      1.1655000000000442,
      0.0
    ],
    [
      2.530800000000017,
      4.091122937488286
    ],
    [
      0.577200000000035,
      1.2513518113285813
    ],
    [
      2.752800000000091,
      1.642965987827423
    ],
    [
      4.484399999999999,
      2.8723123692097303
    ],
    [
      2.5752000000001107,
      3.775578880832455
    ],
    [
      1.0111512916575798,
      2.542105131160152
    ],
    [
      1.97832518366644,
      4.479135867284792
    ],
    [
      2.7397243633307102,
      2.4381183955579067
    ],
    [
      0.1168860350406202,
      2.674992422570298
    ],
    [
      0.6265572231322736,
      0.5200861569103625
    ],
    [
      2.0625672357351235,
      0.1283164201698893
    ],
    [
