{
  "_comment": "no obstacles, rural 0",
  "radius_drones_bs": 0.4,
  "base_stations": [
    [
      0.0529195418912772,
      2.1426772960088107
    ],
    [
      2.1187551655674235,
      2.9026505478674003
    ],
    [
      2.1594397481374616,
      1.7864161434347756
    ],
    [
      1.6394403257670904,
      1.8359449129980636
    ],
    [
      0.7735136022668611,
      1.0006401221643413
    ],
    [
      1.4915518722661243,
      0.5470892618164815
    ],
    [
      3.4174465070652844,
      1.4149620036058506
    ],
    [
      3.554156792628978,
      3.3011771063644506
    ],
    [
      3.1949993756195263,
      2.5785727672456207
    ],
    [
      1.9980070674514328,
      1.7106035465459015
    ],
    [
      2.3845549678938585,
      0.0317116205852433
    ],
    [
      2.4262541422436192,
      1.6762285361068037
    ],
    [
      2.8641326390663764,
      3.208668742962051
    ],
    [
      2.1366664071404946,
      2.1553534369478635
    ],
    [
      0.7344728584436839,
      3.600197991770893
    ],
    [
      0.4955340894550024,
      0.5824128555144334
    ]
  ],
  "power_stations": [
    [
      0.577200000000035,
      0.6093539255167552
    ],
    [
      2.541899999999991,
      1.9258736831934269
    ],
    [
      2.541899999999991,
      1.9258736831934269
    ],
    [
      2.5641000000001366,
      1.9802754995674297
    ],
    [
      2.5641000000001366,
      2.034678672632728
    ],
    [
      2.5530000000001625,
      2.067321304642082
    ],
    [
      2.797199999999988,
      3.013913492158959
    ],
    [
      2.7861000000000136,
      3.046556227817134
    ],
    [
      2.7750000000000394,
      3.0900795482549643
    ],
    [
      2.6196000000000077,
      3.1336172496353543
    ],
    [
      2.5752000000001107,
      3.1336216647834845
    ],
    [
      2.541899999999991,
      3.198908829711784
    ],
    [
      2.8638000000000297,
      3.1662345569608847
    ],
    [
      2.464199999999975,
      2.926899989006754
    ],
    [
      2.4864000000001205,
      2.992181895905965
    ],
    [
      2.4309000000000527,
      1.871477063295651
    ],
    [
      2.3976000000001303,
      1.849717656438553
    ],
    [
      2.3421000000000625,
      1.8061980685408277
    ],
    [
      1.9092000000000853,
      1.3927501660787018
    ],
    [
      1.3764000000001442,
      0.8269593820136777
    ],
    [
      1.287600000000154,
      0.7725563342796571
    ],
    [
      1.209900000000138,
      0.7399149312850261
    ],
    [
      1.1766000000000183,
      0.7181534854471492
    ],
    [
      0.9546000000001412,
      0.6637525885525309
    ],
    [
      2.586300000000085,
      1.338317114598527
    ],
    [
      2.686200000000049,
      1.0554174679959314
    ],
    [
      2.5752000000001107,
      0.7072410007325716
    ],
    [
      2.908200000000124,
      0.0
    ],
    [
      2.541899999999991,
      0.3264192683379213
    ],
    [
      2.497500000000094,
      1.9693990269358013
    ],
    [
      2.9859000000001394,
      2.121695346086492
    ],
    [
      3.04140000000001,
      2.1325720778811115
    ],
    [
      3.085800000000104,
      2.1434495264849063
    ],
    [
      3.1412999999999744,
      2.1543261851407203
    ],
    [
      3.4077000000001423,
      2.1978293360379326
    ],
    [
      3.7074000000000353,
      2.241329376195712
    ],
    [
      3.774000000000077,
      2.2630850682386385
    ],
    [
      3.862800000000068,
      2.273958870719734
    ],
    [
      3.9294000000001095,
      2.2739540597842685
    ],
    [
      2.2088999999999785,
      2.2958397767660403
    ],
    [
      2.164500000000082,
      2.3502468732471327
    ],
    [
      1.731600000000105,
      3.4166094944572074
    ],
    [
      1.7427000000000792,
      3.5471793093519284
    ],
    [
      2.3310000000000883,
      3.938818861885937
    ],
    [
      2.519700000000043,
      3.6885403305824735
    ],
    [
      2.530800000000017,
      3.6014938625228825
    ],
    [
      2.530800000000017,
      3.449164816978452
    ],
    [
      2.1978000000000044,
      1.9694177531775336
    ],
    [
      1.6761000000000372,
      2.078259751341564
    ],
    [
      1.3652999999999729,
      2.1653286174921047
    ],
    [
      0.8436000000000057,
      2.208889335052591
    ],
    [
      0.7104000000001189,
      2.20889865800959
    ],
    [
      0.6549000000000511,
      2.208902542289037
    ],
    [
      0.6105000000001546,
      2.1544991064986023
    ],
    [
      0.5550000000000868,
      2.1109775838038654
    ],
    [
      0.5217000000001644,
      2.089217132333331
    ],
    [
      0.3440999999999867,
      1.969533481268004
    ],
    [
      0.0666000000000419,
      1.6104614206196466
    ],
    [
      0.0,
      1.2622562080474455
    ],
    [
      0.4328999999999769,
      0.7616958888703813
    ],
    [
      0.5105999999999931,
      0.6964059556660398
    ],
    [
      0.5550000000000868,
      0.6419983373429348
    ],
    [
      0.577200000000035,
      0.6093539255167552
    ],
    [
      0.5661000000000609,
      0.4461342809274188
    ],
    [
      0.4995000000000189,
      0.3264404065088833
    ],
    [
      0.4328999999999769,
      0.3155597253896771
    ],
    [
      0.3774000000001063,
      0.3482044470798632
    ],
    [
      0.3663000000001322,
      0.4134929262932243
    ],
    [
      0.6105000000001546,
      2.3177187357787763
    ],
    [
      0.5439000000001126,
      2.4265369419044704
    ],
    [
      2.4309000000000527,
      1.468891881074913
    ],
    [
      3.463200000000013,
      0.718101388767052
    ],
    [
      3.463200000000013,
      0.6745800924782335
    ],
    [
      3.463200000000013,
      0.5875374999005963
    ],
    [
      3.16350000000012,
      0.4787388148397435
    ],
    [
      3.008100000000088,
      0.6528288772029359
    ],
    [
      2.752800000000091,
      1.0010123899347885
    ],
    [
      2.5641000000001366,
      1.9041110572761664
    ],
    [
      2.586300000000085,
      1.8823484619956607
    ],
    [
      2.608500000000033,
      1.8605858973527052
    ],
    [
      2.6418000000001527,
      1.8388227156201276
    ],
    [
      2.675100000000075,
      1.80617898354386
    ],
    [
      2.708399999999997,
      1.7735353204081676
    ],
    [
      2.7639000000000653,
      1.740890499637986
    ],
    [
      2.819400000000133,
      1.697365247271502
    ],
    [
      2.874900000000004,
      1.6756012026863172
    ],
    [
      2.963699999999994,
      1.6320744932596831
    ],
    [
      3.2745000000000584,
      1.5341348864333089
    ],
    [
      3.7962000000000256,
      1.4470677972585382
    ],
    [
      4.062599999999996,
      1.4361754339990151
    ],
    [
      4.695300000000099,
      1.8169429932502363
    ],
    [
      4.706400000000073,
      2.0236603443198096
    ],
    [
      4.650900000000005,
      2.1107032225579734
    ],
    [
      4.595400000000135,
      2.1542266768880847
    ],
    [
      4.551000000000041,
      2.197749509236833
    ],
    [
      4.484399999999999,
      2.23039407457596
    ],
    [
      2.530800000000017,
      3.449164816978452
    ],
    [
      2.752800000000091,
      1.0010123899347885
    ],
    [
      4.484399999999999,
      2.23039407457596
    ],
    [
      2.5752000000001107,
      3.1336216647834845
    ]
  ],
  "obstacles": [
    {
      "points": [
        [2, 2.8],
        [2, 4],
        [0.7, 3.4]
      ]
    },
    {
      "points": [
        [0, 2.4],
        [0.4, 2.4],
        [0.4, 2.7]
      ]
    }
  ]
}